"id","productPath","title","docUrl","releaseLevel","iconUrl","description","version","serviceName","group"
"1","Cloud > Google Cloud Platform (GCP) > Cloud AI & Industry Solutions > Industry Solutions > IoT Core","IoT Core","cloud.google.com/iot/","DEPRECATED","http://www.google.com/images/icons/product/search-32.gif","Registers and manages IoT (Internet of Things) devices that connect to the Google Cloud Platform. ","v1","cloudiot.googleapis.com","Cloud/GCP"
"2","Cloud > Google Cloud Platform (GCP) > Cloud AI & Industry Solutions > Cloud AI > Cloud Vision","Cloud Vision","cloud.google.com/vision/","GA","http://www.google.com/images/icons/product/search-32.gif","Integrates Google Vision features, including image labeling, face, logo, and landmark detection, optical character recognition (OCR), and detection of explicit content, into applications.","v1","vision.googleapis.com","Cloud/GCP"
"3","Cloud > Google Cloud Platform (GCP) > Cloud AI & Industry Solutions > Cloud AI > Speech-to-Text","Speech-to-Text","cloud.google.com/speech-to-text/","GA","http://www.google.com/images/icons/product/search-32.gif","Converts audio to text by applying powerful neural network models.","v1","speech.googleapis.com","Cloud/GCP"
"4","Cloud > Google Cloud Platform (GCP) > Cloud AI & Industry Solutions > Cloud AI > Cloud Translation","Cloud Translation","cloud.google.com/translate/","GA","http://www.google.com/images/icons/product/search-32.gif","Integrates text translation into your website or application.","v3","translate.googleapis.com","Cloud/GCP"
"5","Cloud > Google Cloud Platform (GCP) > Cloud AI & Industry Solutions > Cloud AI > Cloud Natural Language API","Cloud Natural Language API","cloud.google.com/natural-language/","GA","http://www.google.com/images/icons/product/search-32.gif","Provides natural language understanding technologies, such as sentiment analysis, entity recognition, entity sentiment analysis, and other text annotations, to developers.","v1","language.googleapis.com","Cloud/GCP"
"6","Cloud > Google Cloud Platform (GCP) > Cloud AI & Industry Solutions > Cloud AI > Video Intelligence API","Video Intelligence API","cloud.google.com/video-intelligence/","GA","http://www.google.com/images/icons/product/search-32.gif","Detects objects, explicit content, and scene changes in videos. It also specifies the region for annotation and transcribes speech to text. Supports both asynchronous API and streaming API.","v1","videointelligence.googleapis.com","Cloud/GCP"
"7","Cloud > Google Cloud Platform (GCP) > Cloud AI & Industry Solutions > Cloud AI > Text-to-Speech","Text-to-Speech","cloud.google.com/text-to-speech/","GA","http://www.google.com/images/icons/product/search-32.gif","Synthesizes natural-sounding speech by applying powerful neural network models.","v1","texttospeech.googleapis.com","Cloud/GCP"
"8","Cloud > Google Cloud Platform (GCP) > Cloud AI & Industry Solutions > Cloud AI > Dialogflow","Dialogflow","cloud.google.com/dialogflow/","GA","http://www.google.com/images/icons/product/search-32.gif","Builds conversational interfaces (for example, chatbots, and voice-powered apps and devices).","v2","dialogflow.googleapis.com","Cloud/GCP"
"9","Cloud > Google Cloud Platform (GCP) > Cloud Databases & Analytics > Cloud Databases > Spanner","Spanner","cloud.google.com/spanner/","GA","http://www.google.com/images/icons/product/search-32.gif","Cloud Spanner is a managed, mission-critical, globally consistent and scalable relational database service.","v1","spanner.googleapis.com","Cloud/GCP"
"10","Cloud > Google Cloud Platform (GCP) > Cloud Security > Sensitive Data Protection","Sensitive Data Protection","cloud.google.com/sensitive-data-protection/","GA","http://www.google.com/images/icons/product/search-32.gif","Discover and protect your sensitive data. A fully managed service designed to help you discover, classify, and protect your valuable data assets with ease.","v2","dlp.googleapis.com","Cloud/GCP"
"11","Cloud > Google Cloud Platform (GCP) > Cloud Application Ecosystem (AppEco) > Cloud Native Runtimes > Serverless > Cloud Functions","Cloud Functions","cloud.google.com/functions/","GA","http://www.google.com/images/icons/product/search-32.gif","Manages lightweight user-provided functions executed in response to events.","v1","cloudfunctions.googleapis.com","Cloud/GCP"
"12","Cloud > Google Cloud Platform (GCP) > Cloud Application Ecosystem (AppEco) > Foundation Services > Events & Orchestration > Cloud Tasks","Cloud Tasks","cloud.google.com/tasks/","GA","http://www.google.com/images/icons/product/search-32.gif","Manages the execution of large numbers of distributed requests.","v2","cloudtasks.googleapis.com","Cloud/GCP"
"13","Cloud > Google Cloud Platform (GCP) > Core Infrastructure > Cloud Storage > Cloud Storage","Cloud Storage","cloud.google.com/storage/","GA","https://www.google.com/images/icons/product/cloud_storage-32.png","Stores and retrieves potentially large, immutable data objects.","v1","storage.googleapis.com","Cloud/GCP"
"14","Cloud > Google Cloud Platform (GCP) > Cloud Databases & Analytics > Cloud Databases > Firestore in Datastore mode","Datastore","cloud.google.com/datastore/","GA","http://www.google.com/images/icons/product/search-32.gif","Accesses the schemaless NoSQL database to provide fully managed, robust, scalable storage for your application. ","v1","datastore.googleapis.com","Cloud/GCP"
"15","Cloud > Google Cloud Platform (GCP) > Cloud Databases & Analytics > Cloud Databases > Firestore","Firestore","cloud.google.com/firestore/","GA","http://www.google.com/images/icons/product/search-32.gif","Accesses the NoSQL document database built for automatic scaling, high performance, and ease of application development. ","v1","firestore.googleapis.com","Cloud/GCP"
"16","Cloud > Google Cloud Platform (GCP) > Cloud Application Ecosystem (AppEco) > Ops & Onboarding > Cloud Operations Suite > Cloud Monitoring","Cloud Monitoring","cloud.google.com/monitoring/","GA","http://www.google.com/images/icons/product/search-32.gif","Manages your Cloud Monitoring data and configurations.","v3","monitoring.googleapis.com","Cloud/GCP"
"17","Cloud > Google Cloud Platform (GCP) > Cloud Application Ecosystem (AppEco) > Ops & Onboarding > Cloud Operations Suite > Cloud Logging","Cloud Logging","cloud.google.com/logging/","GA","http://www.google.com/images/icons/product/search-32.gif","Writes log entries and manages your Cloud Logging configuration.","v2","logging.googleapis.com","Cloud/GCP"
"18","Cloud > Google Cloud Platform (GCP) > Cloud Databases & Analytics > Cloud Data Analytics > BigQuery (Product Group) > BigQuery","BigQuery","cloud.google.com/bigquery/","GA","http://www.google.com/images/icons/product/search-32.gif","A data platform for customers to create, manage, share and query data.","v2","bigquery.googleapis.com","Cloud/GCP"
"19","Cloud > Google Cloud Platform (GCP) > Cloud Databases & Analytics > Cloud Data Analytics > Streams and Lakes > Pub/Sub","Pub/Sub","cloud.google.com/pubsub/","GA","http://www.google.com/images/icons/product/search-32.gif","Provides reliable, many-to-many, asynchronous messaging between applications. ","v1","pubsub.googleapis.com","Cloud/GCP"
"20","Cloud > Google Cloud Platform (GCP) > Cloud Security > Cloud Key Management Service","Cloud Key Management Service","cloud.google.com/kms/","GA","http://www.google.com/images/icons/product/search-32.gif","Manages keys and performs cryptographic operations in a central cloud service, for direct use by other cloud resources and applications. ","v1","cloudkms.googleapis.com","Cloud/GCP"
"21","Cloud > Google Cloud Platform (GCP) > Cloud Databases & Analytics > Cloud Data Analytics > Streams and Lakes > Cloud Composer","Cloud Composer","cloud.google.com/composer/","GA","http://www.google.com/images/icons/product/search-32.gif","Manages Apache Airflow environments on Google Cloud Platform.","v1","composer.googleapis.com","Cloud/GCP"
"23","Cloud > Google Cloud Platform (GCP) > Cloud Databases & Analytics > Cloud Data Analytics > BigQuery (Product Group) > BigQuery Data Transfer Service","BigQuery Data Transfer Service","cloud.google.com/bigquery/docs/dts-introduction/","GA","http://www.google.com/images/icons/product/search-32.gif","Schedule queries or transfer external data from SaaS applications to Google BigQuery on a regular basis.","v1","bigquerydatatransfer.googleapis.com","Cloud/GCP"
"35","Cloud > Google Cloud Platform (GCP) > Cloud Databases & Analytics > Cloud Databases > Cloud Memorystore > Memorystore for Redis","Memorystore for Redis","cloud.google.com/memorystore/docs/redis/","GA","http://www.google.com/images/icons/product/search-32.gif","Creates and manages Redis instances on the Google Cloud Platform.","v1","redis.googleapis.com","Cloud/GCP"
"39","Cloud > Google Cloud Platform (GCP) > Cloud Security > Identity-Aware Proxy","Identity-Aware Proxy","cloud.google.com/iap/","GA","http://www.google.com/images/icons/product/search-32.gif","Controls access to cloud applications running on Google Cloud Platform.","v1","iap.googleapis.com","Cloud/GCP"
"43","Cloud > Google Cloud Platform (GCP) > Cloud Security > Access Context Manager","Access Context Manager","cloud.google.com/access-context-manager/","GA","http://www.google.com/images/icons/product/search-32.gif","An API for setting attribute based access control to requests to Google Cloud services.","v1","accesscontextmanager.googleapis.com","Cloud/GCP"
"46","Cloud > Google Cloud Platform (GCP) > Business Platforms & Cloud Operations > Google Cloud Business Platform > GCBP Ordering, Billing & Finance > Cloud Billing (Product Group) > Cloud Billing","Cloud Billing","cloud.google.com/billing/","GA","http://www.google.com/images/icons/product/search-32.gif","Allows developers to manage billing for their Google Cloud Platform projects programmatically.","v1","cloudbilling.googleapis.com","Cloud/GCP"
"47","Cloud > Google Cloud Platform (GCP) > Channel Services","Channel Services","cloud.google.com/channel/","GA","http://www.google.com/images/icons/product/search-32.gif","The Cloud Channel API enables Google Cloud partners to have a single unified resale platform and APIs across all of Google Cloud including GCP, Workspace, Maps and Chrome.","v1","cloudchannel.googleapis.com","Cloud/GCP"
"48","Cloud > Google Cloud Platform (GCP) > Core Infrastructure > Cloud Core Compute > Compute Engine","Compute Engine","cloud.google.com/compute/","GA","https://www.google.com/images/icons/product/compute_engine-32.png","Creates and runs virtual machines on Google Cloud Platform. ","v1","compute.googleapis.com","Cloud/GCP"
"49","Cloud > Google Cloud Platform (GCP) > Cloud Application Ecosystem (AppEco) > Developer Experience > Secure Source to Prod (SSTP) > Cloud Build","Cloud Build","cloud.google.com/build/","GA","http://www.google.com/images/icons/product/search-32.gif","Creates and manages builds on Google Cloud Platform.","v1","cloudbuild.googleapis.com","Cloud/GCP"
"50","Cloud > Google Cloud Platform (GCP) > Cloud Databases & Analytics > Cloud Data Analytics > Streams and Lakes > Dataflow","Dataflow","cloud.google.com/dataflow/","BETA","http://www.google.com/images/icons/product/search-32.gif","Manages Google Cloud Dataflow projects on Google Cloud Platform.","v1b3","dataflow.googleapis.com","Cloud/GCP"
"54","Cloud > Google Cloud Platform (GCP) > Cloud Databases & Analytics > Cloud Data Analytics > Streams and Lakes > Dataproc","Dataproc","cloud.google.com/dataproc/","GA","http://www.google.com/images/icons/product/search-32.gif","Manages Hadoop-based clusters and jobs on Google Cloud Platform.","v1","dataproc.googleapis.com","Cloud/GCP"
"55","Cloud > Google Cloud Platform (GCP) > Cloud Application Ecosystem (AppEco) > Ops & Onboarding > Cloud Operations Suite > Cloud Debugger","Cloud Debugger","cloud.google.com/debugger/","GA","http://www.google.com/images/icons/product/search-32.gif","Examines the call stack and variables of a running application without stopping or slowing it down. (Deprecated) ","v2","clouddebugger.googleapis.com","Cloud/GCP"
"56","Cloud > Google Cloud Platform (GCP) > Core Infrastructure > Cloud Networking > Cloud DNS","Cloud DNS","cloud.google.com/dns/","GA","http://www.google.com/images/icons/product/search-32.gif",NULL,"v1","dns.googleapis.com","Cloud/GCP"
"58","Cloud > Google Cloud Platform (GCP) > Cloud Application Ecosystem (AppEco) > Ops & Onboarding > Cloud Operations Suite > Error Reporting","Error Reporting","cloud.google.com/error-reporting/","BETA","http://www.google.com/images/icons/product/search-32.gif","Groups and counts similar errors from cloud services and applications, reports new errors, and provides access to error groups and their associated errors. ","v1beta1","clouderrorreporting.googleapis.com","Cloud/GCP"
"60","Cloud > Google Cloud Platform (GCP) > Cloud Security > Identity and Access Management","Identity and Access Management","cloud.google.com/iam/","GA","http://www.google.com/images/icons/product/search-32.gif","Manages identity and access control for Google Cloud Platform resources, including the creation of service accounts, which you can use to authenticate to Google and make API calls. ","v1","iam.googleapis.com","Cloud/GCP"
"62","Cloud > Google Cloud Platform (GCP) > Cloud AI & Industry Solutions > Industry Solutions > Cloud Talent Solution Job Search","Cloud Talent Solution Job Search","cloud.google.com/talent-solution/job-search/","GA","http://www.google.com/images/icons/product/search-32.gif","Cloud Talent Solution provides the capability to create, read, update, and delete job postings, as well as search jobs based on keywords and filters. ","v4","jobs.googleapis.com","Cloud/GCP"
"67","Cloud > Google Cloud Platform (GCP) > Cloud Application Ecosystem (AppEco) > Ops & Onboarding > Cloud Operations Suite > Cloud Profiler","Cloud Profiler","cloud.google.com/profiler/","GA","http://www.google.com/images/icons/product/search-32.gif","Manages continuous profiling information.","v2","cloudprofiler.googleapis.com","Cloud/GCP"
"70","Cloud > Google Cloud Platform (GCP) > Cloud Security > Resource Manager","Resource Manager","cloud.google.com/resource-manager/","GA","http://www.google.com/images/icons/product/search-32.gif","Creates, reads, and updates metadata for Google Cloud Platform resource containers.","v2","cloudresourcemanager.googleapis.com","Cloud/GCP"
"72","Cloud > Google Cloud Platform (GCP) > Cloud Security > Web Security Scanner","Web Security Scanner","cloud.google.com/security-scanner/","GA","http://www.google.com/images/icons/product/search-32.gif","Scans your Compute and App Engine apps for common web vulnerabilities.","v1","websecurityscanner.googleapis.com","Cloud/GCP"
"73","Cloud > Google Cloud Platform (GCP) > Core Infrastructure > Cloud Networking > Service Directory","Service Directory","cloud.google.com/service-directory/","GA","http://www.google.com/images/icons/product/search-32.gif","Service Directory is a platform for discovering, publishing, and connecting services. ","v1","servicedirectory.googleapis.com","Cloud/GCP"
"74","Cloud > Google Cloud Platform (GCP) > Cloud Application Ecosystem (AppEco) > Ops & Onboarding > Cloud Operations Suite > Cloud Trace","Cloud Trace","cloud.google.com/trace/","GA","http://www.google.com/images/icons/product/search-32.gif","Sends application trace data to Cloud Trace for viewing. Trace data is collected for all App Engine applications by default. Trace data from other applications can be provided using this API. This library is used to interact with the Cloud Trace API directly. If you are looking to instrument your application for Cloud Trace, we recommend using OpenTelemetry. ","v2","cloudtrace.googleapis.com","Cloud/GCP"
"75","Cloud > Google Cloud Platform (GCP) > Cloud AI & Industry Solutions > Industry Solutions > Transcoder API","Transcoder API","cloud.google.com/transcoder/","BETA","http://www.google.com/images/icons/product/search-32.gif","This API converts video files into formats suitable for consumer distribution. ","v1beta1","transcoder.googleapis.com","Cloud/GCP"
"75","Cloud > Google Cloud Platform (GCP) > Cloud AI & Industry Solutions > Industry Solutions > Transcoder API","Transcoder API","cloud.google.com/transcoder/","BETA","http://www.google.com/images/icons/product/search-32.gif","This API converts video files into formats suitable for consumer distribution. For more information, see the Transcoder API overview. ","v1beta1","transcoder.googleapis.com","Cloud/GCP"
"80","Cloud > Google Cloud Platform (GCP) > Cloud Application Ecosystem (AppEco) > Developer Experience > Secure Source to Prod (SSTP) > Container Analysis","Container Analysis","cloud.google.com/container-registry/docs/container-analysis/","GA","http://www.google.com/images/icons/product/search-32.gif","This API is a prerequisite for leveraging Artifact Analysis scanning capabilities in both Artifact Registry and with Advanced Vulnerability Insights (runtime scanning) in GKE. In addition, the Container Analysis API is an implementation of the Grafeas API, which enables storing, querying, and retrieval of critical metadata about all of your software artifacts.","v1","containeranalysis.googleapis.com","Cloud/GCP"
"83","Cloud > Google Cloud Platform (GCP) > Core Infrastructure > Cloud Storage > Filestore","Filestore","cloud.google.com/filestore/","GA","http://www.google.com/images/icons/product/search-32.gif","The Cloud Filestore API is used for creating and managing cloud file servers.","v1","file.googleapis.com","Cloud/GCP"
"89","Cloud > Google Cloud Platform (GCP) > Core Infrastructure > Cloud Core Compute > Cloud OS Login API","Cloud OS Login API","cloud.google.com/compute/docs/oslogin/","GA","http://www.google.com/images/icons/product/search-32.gif","You can use OS Login to manage access to your VM instances using IAM roles.","v1","oslogin.googleapis.com","Cloud/GCP"
"91","Cloud > Google Cloud Platform (GCP) > Cloud Security > Binary Authorization","Binary Authorization","cloud.google.com/binary-authorization/","GA","http://www.google.com/images/icons/product/search-32.gif","The management interface for Binary Authorization, a service that provides policy-based deployment validation and control for images deployed to Google Kubernetes Engine (GKE), Anthos Service Mesh, Anthos Clusters, and Cloud Run. ","v1","binaryauthorization.googleapis.com","Cloud/GCP"
"98","Cloud > Google Cloud Platform (GCP) > Cloud AI & Industry Solutions > Industry Solutions > Cloud Healthcare API","Cloud Healthcare API","cloud.google.com/healthcare-api/","GA","http://www.google.com/images/icons/product/search-32.gif","Manage, store, and access healthcare data in Google Cloud Platform.","v1","healthcare.googleapis.com","Cloud/GCP"
"105","Cloud > Google Cloud Platform (GCP) > Cloud Application Ecosystem (AppEco) > Foundation Services > Service Infrastructure > Service Usage","Service Usage","cloud.google.com/service-usage/","GA","http://www.google.com/images/icons/product/search-32.gif","Enables services that service consumers want to use on Google Cloud Platform, lists the available or enabled services, or disables services that service consumers no longer use.","v1","serviceusage.googleapis.com","Cloud/GCP"
"106","Cloud > Google Cloud Platform (GCP) > Cloud Application Ecosystem (AppEco) > Foundation Services > Service Infrastructure > Service Infrastructure","Service Infrastructure","cloud.google.com/service-infrastructure/","GA","http://www.google.com/images/icons/product/search-32.gif","Manages the service consumers of a Service Infrastructure service.","v1","serviceconsumermanagement.googleapis.com","Cloud/GCP"
"109","Cloud > Google Cloud Platform (GCP) > Cloud Security > Security Command Center","Security Command Center","cloud.google.com/security-command-center/","GA","http://www.google.com/images/icons/product/search-32.gif","Security Command Center API provides access to temporal views of assets and findings within an organization.","v1","securitycenter.googleapis.com","Cloud/GCP"
"110","Cloud > Google Cloud Platform (GCP) > Core Infrastructure > Cloud Storage > Storage Transfer Service","Storage Transfer Service","cloud.google.com/storage-transfer/","GA","http://www.google.com/images/icons/product/search-32.gif","Transfers data from external data sources to a Google Cloud Storage bucket or between Google Cloud Storage buckets. ","v1","storagetransfer.googleapis.com","Cloud/GCP"
"111","Cloud > Google Cloud Platform (GCP) > Cloud Security > Cloud Asset Inventory","Cloud Asset Inventory","cloud.google.com/asset-inventory/","GA","http://www.google.com/images/icons/product/search-32.gif","The Cloud Asset API manages the history and inventory of Google Cloud resources.","v1","cloudasset.googleapis.com","Cloud/GCP"
"134","Cloud > Google Cloud Platform (GCP) > Cloud Application Ecosystem (AppEco) > Foundation Services > Events & Orchestration > Cloud Scheduler","Cloud Scheduler","cloud.google.com/scheduler/","GA","http://www.google.com/images/icons/product/search-32.gif","Creates and manages jobs run on a regular recurring schedule.","v1","cloudscheduler.googleapis.com","Cloud/GCP"
"197","Cloud > Google Cloud Platform (GCP) > Cloud Databases & Analytics > Cloud Data Analytics > Streams and Lakes > Data Catalog","Data Catalog","cloud.google.com/data-catalog/","GA","http://www.google.com/images/icons/product/search-32.gif","A fully managed and highly scalable data discovery and metadata management service. ","v1","datacatalog.googleapis.com","Cloud/GCP"
"198","Cloud > Google Cloud Platform (GCP) > Cloud AI & Industry Solutions > Cloud AI > AI Platform > AI Platform Data Labeling Service","AI Platform Data Labeling Service","cloud.google.com/ai-platform/data-labeling/","BETA","http://www.google.com/images/icons/product/search-32.gif","Public API for Google Cloud AI Data Labeling Service.","v1beta1","datalabeling.googleapis.com","Cloud/GCP"
"215","Cloud > Google Cloud Platform (GCP) > Cloud AI & Industry Solutions > Industry Solutions > Game Servers","Game Servers","cloud.google.com/game-servers/","GA","http://www.google.com/images/icons/product/search-32.gif","Deploy and manage infrastructure for global multiplayer gaming experiences.","v1","gameservices.googleapis.com","Cloud/GCP"
"226","Cloud > Google Cloud Platform (GCP) > Cloud AI & Industry Solutions > Cloud AI > Document AI","Document AI","cloud.google.com/document-ai/","GA","http://www.google.com/images/icons/product/search-32.gif","Service to parse structured information from unstructured or semi-structured documents using state-of-the-art Google AI such as natural language, computer vision, translation, and AutoML.","v1","documentai.googleapis.com","Cloud/GCP"
"238","Cloud > Google Cloud Platform (GCP) > Core Infrastructure > Cloud TPU","Cloud TPU","cloud.google.com/tpu/","GA","http://www.google.com/images/icons/product/search-32.gif","TPU API provides customers with access to Google TPU technology.","v1","tpu.googleapis.com","Cloud/GCP"
"242","Cloud > Google Cloud Platform (GCP) > Cloud Databases & Analytics > Cloud Data Analytics > Streams and Lakes > Cloud Data Fusion","Cloud Data Fusion","cloud.google.com/data-fusion/","BETA","http://www.google.com/images/icons/product/search-32.gif","Cloud Data Fusion is a fully-managed, cloud native, enterprise data integration service for quickly building and managing data pipelines. It provides a graphical interface to increase time efficiency and reduce complexity, and allows business users, developers, and data scientists to easily and reliably build scalable data integration solutions to cleanse, prepare, blend, transfer and transform data without having to wrestle with infrastructure.","v1beta1","datafusion.googleapis.com","Cloud/GCP"
"248","Cloud > Google Cloud Platform (GCP) > Cloud Security > Cloud Identity","Cloud Identity","cloud.google.com/identity/","GA","http://www.google.com/images/icons/product/search-32.gif","API for provisioning and managing identity resources.","v1","cloudidentity.googleapis.com","Cloud/GCP"
"250","Cloud > Google Cloud Platform (GCP) > Cloud Security > Managed Service for Microsoft Active Directory","Managed Service for Microsoft Active Directory","cloud.google.com/managed-microsoft-ad/","GA","http://www.google.com/images/icons/product/search-32.gif","The Managed Service for Microsoft Active Directory API is used for managing a highly available, hardened service running Microsoft Active Directory (AD).","v1","managedidentities.googleapis.com","Cloud/GCP"
"251","Cloud > Google Cloud Platform (GCP) > Cloud Security > Web Risk","Web Risk","cloud.google.com/web-risk/","GA","http://www.google.com/images/icons/product/search-32.gif",NULL,"v1","webrisk.googleapis.com","Cloud/GCP"
"259","Cloud > Google Cloud Platform (GCP) > Core Infrastructure > Cloud Networking > Virtual Private Cloud","Virtual Private Cloud","cloud.google.com/vpc/","GA","http://www.google.com/images/icons/product/search-32.gif","API for managing VPC access connectors.","v1","vpcaccess.googleapis.com","Cloud/GCP"
"266","Cloud > Google Cloud Platform (GCP) > Business Platforms & Cloud Operations > API Gateway","API Gateway","cloud.google.com/api-gateway/","GA","http://www.google.com/images/icons/product/search-32.gif",NULL,"v1","apigateway.googleapis.com","Cloud/GCP"
"267","Cloud > Google Cloud Platform (GCP) > Cloud Systems > Recommender","Recommender","cloud.google.com/recommender/","GA","http://www.google.com/images/icons/product/search-32.gif",NULL,"v1","recommender.googleapis.com","Cloud/GCP"
"269","Cloud > Google Cloud Platform (GCP) > Cloud AI & Industry Solutions > Cloud AI > Vertex AI > Vertex AI Workbench","Vertex AI Workbench","cloud.google.com/vertex-ai/docs/workbench/","GA","http://www.google.com/images/icons/product/search-32.gif","Notebooks API is used to manage notebook resources in Google Cloud.","v1","notebooks.googleapis.com","Cloud/GCP"
"271","Cloud > Google Cloud Platform (GCP) > Cloud Application Ecosystem (AppEco) > Developer Experience > Secure Source to Prod (SSTP) > Artifact Registry","Artifact Registry","cloud.google.com/artifact-registry/","GA","http://www.google.com/images/icons/product/search-32.gif","Store and manage build artifacts in a scalable and integrated service built on Google infrastructure.","v1","artifactregistry.googleapis.com","Cloud/GCP"
"282","Cloud > Google Cloud Platform (GCP) > Cloud Databases & Analytics > Cloud Databases > Cloud Memorystore > Memorystore for Memcached","Memorystore for Memcached","cloud.google.com/memorystore/docs/memcached/","GA","http://www.google.com/images/icons/product/search-32.gif","Google Cloud Memorystore for Memcached API is used for creating and managing Memcached instances in GCP.","v1","memcache.googleapis.com","Cloud/GCP"
"286","Cloud > Google Cloud Platform (GCP) > Cloud AI & Industry Solutions > Industry Solutions > Cloud Life Sciences","Cloud Life Sciences","cloud.google.com/life-sciences/","BETA","http://www.google.com/images/icons/product/search-32.gif","Cloud Life Sciences is a suite of services and tools for managing, processing, and transforming life sciences data.","v2beta","lifesciences.googleapis.com","Cloud/GCP"
"288","Cloud > Google Cloud Platform (GCP) > Business Platforms & Cloud Operations > Apigee > Apigee Edge","Apigee Edge","docs.apigee.com/","GA","http://www.google.com/images/icons/product/search-32.gif","Use the Apigee API to programmatically develop and manage APIs with a set of RESTful operations. Develop and secure API proxies, deploy and undeploy API proxy revisions, monitor APIs, configure environments, manage users, and more. Note: This product is available as a free trial for a time period of 60 days.","VERSION_UNSPECIFIED","apigee.googleapis.com","Cloud/GCP"
"291","Cloud > Google Cloud Platform (GCP) > Cloud Application Ecosystem (AppEco) > Developer Experience > DevEx > Cloud Shell","Cloud Shell","cloud.google.com/shell/","GA","http://www.google.com/images/icons/product/search-32.gif","Allows users to start, configure, and connect to interactive shell sessions running in the cloud. ","v1","cloudshell.googleapis.com","Cloud/GCP"
"296","Cloud > Google Cloud Platform (GCP) > Cloud Application Ecosystem (AppEco) > Cloud Native Runtimes > Serverless > App Engine > App Engine Admin API","App Engine Admin API","cloud.google.com/appengine/docs/admin-api/","GA","http://www.google.com/images/icons/product/search-32.gif","Provisions and manages developers\' App Engine applications.","v1","appengine.googleapis.com","Cloud/GCP"
"308","Cloud > Google Cloud Platform (GCP) > Cloud Security > Access Approval","Access Approval","cloud.google.com/cloud-provider-access-management/docs/access-approval/","GA","http://www.google.com/images/icons/product/search-32.gif","An API for controlling access to data by Google personnel.","v1","accessapproval.googleapis.com","Cloud/GCP"
"311","Cloud > Google Cloud Platform (GCP) > Cloud Security > Secret Manager","Secret Manager","cloud.google.com/secret-manager/","GA","http://www.google.com/images/icons/product/search-32.gif","Stores sensitive data such as API keys, passwords, and certificates. Provides convenience while improving security. ","v1","secretmanager.googleapis.com","Cloud/GCP"
"354","Cloud > Google Cloud Platform (GCP) > Business Platforms & Cloud Operations > Google Cloud Business Platform > GCBP Ordering, Billing & Finance > Cloud Billing (Product Group) > Cloud Billing Budget API","Cloud Billing Budget API","cloud.google.com/billing/docs/how-to/budget-api-overview/","GA","http://www.google.com/images/icons/product/search-32.gif","The Cloud Billing Budget API stores Cloud Billing budgets, which define a budget plan and the rules to execute as spend is tracked against that plan.","v1","billingbudgets.googleapis.com","Cloud/GCP"
"359","Cloud > Google Cloud Platform (GCP) > Cloud Databases & Analytics > Cloud Data Analytics > BigQuery (Product Group) > BigQuery Connection API","BigQuery Connection API","cloud.google.com/bigquery/docs/reference/bigqueryconnection/","GA","http://www.google.com/images/icons/product/search-32.gif","Allows users to manage BigQuery connections to external data sources.","v1","bigqueryconnection.googleapis.com","Cloud/GCP"
"360","Cloud > Google Cloud Platform (GCP) > Cloud Databases & Analytics > Cloud Data Analytics > BigQuery (Product Group) > BigQuery Reservation API","BigQuery Reservation API","cloud.google.com/bigquery/docs/reference/reservations/","GA","http://www.google.com/images/icons/product/search-32.gif","A service to modify your BigQuery flat-rate reservations.","v1","bigqueryreservation.googleapis.com","Cloud/GCP"
"361","Cloud > Google Cloud Platform (GCP) > Cloud Databases & Analytics > Cloud Databases > Bigtable (Product Group) > Cloud Bigtable Admin API","Cloud Bigtable Admin API","cloud.google.com/bigtable/docs/reference/admin/","GA","http://www.google.com/images/icons/product/search-32.gif","Administer your Cloud Bigtable tables and instances.","v2","bigtableadmin.googleapis.com","Cloud/GCP"
"362","Cloud > Google Cloud Platform (GCP) > Cloud Application Ecosystem (AppEco) > Cloud Native Runtimes > GKE > Kubernetes Engine API","Kubernetes Engine API","cloud.google.com/kubernetes-engine/","GA","http://www.google.com/images/icons/product/search-32.gif","Builds and manages container-based applications, powered by the open source Kubernetes technology.","v1","container.googleapis.com","Cloud/GCP"
"363","Cloud > Google Cloud Platform (GCP) > Cloud Security > IAM Service Account Credentials API","IAM Service Account Credentials API",NULL,"GA","http://www.google.com/images/icons/product/search-32.gif","Creates short-lived credentials for impersonating IAM service accounts. To enable this API, you must enable the IAM API (iam.googleapis.com). ","v1","iamcredentials.googleapis.com","Cloud/GCP"
"365","Cloud > Google Cloud Platform (GCP) > Cloud Security > Assured Workloads","Assured Workloads","cloud.google.com/assured-workloads/","GA","http://www.google.com/images/icons/product/search-32.gif",NULL,"v1","assuredworkloads.googleapis.com","Cloud/GCP"
"367","Cloud > Google Cloud Platform (GCP) > Cloud Application Ecosystem (AppEco) > Foundation Services > Events & Orchestration > Eventarc","Eventarc","cloud.google.com/eventarc/","GA","http://www.google.com/images/icons/product/search-32.gif","Build event-driven applications on Google Cloud Platform.","v1","eventarc.googleapis.com","Cloud/GCP"
"369","Cloud > Google Cloud Platform (GCP) > Core Infrastructure > Cloud Core Compute > Cloud OS Config","Cloud OS Config","cloud.google.com/compute/docs/osconfig/","GA","http://www.google.com/images/icons/product/search-32.gif","OS management tools that can be used for patch management, patch compliance, and configuration management on VM instances.","v1","osconfig.googleapis.com","Cloud/GCP"
"371","Cloud > Google Cloud Platform (GCP) > Cloud Application Ecosystem (AppEco) > Foundation Services > Events & Orchestration > Workflows","Workflows","cloud.google.com/workflows/","GA","http://www.google.com/images/icons/product/search-32.gif","Manage workflow definitions. To execute workflows and manage executions, see the Workflows Executions API.","v1","workflows.googleapis.com","Cloud/GCP"
"373","Cloud > Google Cloud Platform (GCP) > Cloud Databases & Analytics > Cloud Data Analytics > Streams and Lakes > Pub/Sub Lite","Pub/Sub Lite","cloud.google.com/pubsub/lite/","GA","http://www.google.com/images/icons/product/search-32.gif",NULL,"v1","pubsublite.googleapis.com","Cloud/GCP"
"376","Cloud > Google Cloud Platform (GCP) > Cloud Databases & Analytics > Cloud Data Analytics > Streams and Lakes > Dataproc Metastore","Dataproc Metastore","cloud.google.com/dataproc-metastore/","BETA","http://www.google.com/images/icons/product/search-32.gif","The Dataproc Metastore API is used to manage the lifecycle and configuration of metastore services.","v1beta1","metastore.googleapis.com","Cloud/GCP"
"378","Cloud > Google Cloud Platform (GCP) > Cloud Databases & Analytics > Cloud Databases > Cloud Database Migration Service","Cloud Database Migration Service","cloud.google.com/database-migration/","GA","http://www.google.com/images/icons/product/search-32.gif","Manage Cloud Database Migration Service resources on Google Cloud Platform.","v1","datamigration.googleapis.com","Cloud/GCP"
"400","Cloud > Google Cloud Platform (GCP) > Core Infrastructure > Cloud Core Compute > Google Cloud VMware Engine","Google Cloud VMware Engine","cloud.google.com/vmware-engine/","GA","http://www.google.com/images/icons/product/search-32.gif","The Google VMware Engine API lets you programmatically manage VMware environments.","VERSION_UNSPECIFIED","vmwareengine.googleapis.com","Cloud/GCP"
"402","Cloud > Google Cloud Platform (GCP) > Core Infrastructure > Cloud Networking > Cloud Domains","Cloud Domains","cloud.google.com/domains/","BETA","http://www.google.com/images/icons/product/search-32.gif","Enables management and configuration of domain names.","v1beta1","domains.googleapis.com","Cloud/GCP"
"405","Cloud > Google Cloud Platform (GCP) > Cloud Databases & Analytics > Cloud Databases > Datastream","Datastream","cloud.google.com/datastream/","GA","http://www.google.com/images/icons/product/search-32.gif",NULL,"VERSION_UNSPECIFIED","datastream.googleapis.com","Cloud/GCP"
"415","Cloud > Google Cloud Platform (GCP) > Core Infrastructure > Cloud Networking > Network Connectivity Center","Network Connectivity Center","cloud.google.com/network-connectivity/docs/network-connectivity-center/","GA","http://www.google.com/images/icons/product/search-32.gif","This API enables connectivity with and between Google Cloud resources.","v1","networkconnectivity.googleapis.com","Cloud/GCP"
"417","Cloud > Google Cloud Platform (GCP) > Cloud Security > Certificate Authority Service","Certificate Authority Service","cloud.google.com/certificate-authority-service/","GA","http://www.google.com/images/icons/product/search-32.gif","The Certificate Authority Service API is a highly-available, scalable service that enables you to simplify and automate the management of private certificate authorities (CAs) while staying in control of your private keys. ","v1","privateca.googleapis.com","Cloud/GCP"
"432","Cloud > Google Cloud Platform (GCP) > Cloud Security > IAM Policy Troubleshooter API","IAM Policy Troubleshooter API","cloud.google.com/iam/docs/troubleshooting-access#rest-api/","GA","http://www.google.com/images/icons/product/search-32.gif",NULL,"v1","policytroubleshooter.googleapis.com","Cloud/GCP"
"434","Cloud > Google Cloud Platform (GCP) > Cloud Application Ecosystem (AppEco) > Foundation Services > Service Infrastructure > Service Control API","Service Control API","cloud.google.com/service-infrastructure/docs/overview/","GA","http://www.google.com/images/icons/product/search-32.gif","Provides admission control and telemetry reporting for services integrated with Service Infrastructure. ","v2","servicecontrol.googleapis.com","Cloud/GCP"
"435","Cloud > Google Cloud Platform (GCP) > Cloud Application Ecosystem (AppEco) > Foundation Services > Service Infrastructure > Service Management API","Service Management API","cloud.google.com/service-infrastructure/docs/overview/","GA","http://www.google.com/images/icons/product/search-32.gif","Google Service Management allows service producers to publish their services on Google Cloud Platform so that they can be discovered and used by service consumers.","v1","servicemanagement.googleapis.com","Cloud/GCP"
"436","Cloud > Google Cloud Platform (GCP) > Cloud Application Ecosystem (AppEco) > Foundation Services > Events & Orchestration > Workflow Executions API","Workflow Executions API","cloud.google.com/workflows/docs/reference/executions/rest/","GA","http://www.google.com/images/icons/product/search-32.gif","Execute workflows created with Workflows API.","v1","workflowexecutions.googleapis.com","Cloud/GCP"
"444","Cloud > Google Cloud Platform (GCP) > Cloud Databases & Analytics > Cloud Databases > Bare Metal Solution","Bare Metal Solution","cloud.google.com/bare-metal/","GA","http://www.google.com/images/icons/product/search-32.gif","Provides ways to manage Bare Metal Solution hardware installed in a regional extension located near a Google Cloud data center.","VERSION_UNSPECIFIED","baremetalsolution.googleapis.com","Cloud/GCP"
"451","Cloud > Google Cloud Platform (GCP) > Core Infrastructure > Cloud Networking > Media CDN","Media CDN","cloud.google.com/media-cdn/","BETA","http://www.google.com/images/icons/product/search-32.gif",NULL,"VERSION_UNSPECIFIED","networkservices.googleapis.com","Cloud/GCP"
"452","Cloud > Google Cloud Platform (GCP) > Cloud Databases & Analytics > Cloud Data Analytics > Dataplex","Dataplex","cloud.google.com/dataplex/","GA","http://www.google.com/images/icons/product/search-32.gif","Dataplex API is used to manage the lifecycle of data lakes.","v1","dataplex.googleapis.com","Cloud/GCP"
"454","Cloud > Google Cloud Platform (GCP) > Cloud AI & Industry Solutions > Retail API","Retail API","cloud.google.com/retail/","GA","http://www.google.com/images/icons/product/search-32.gif","Vertex AI Search for Retail API is made up of Retail Search, Browse and Recommendations. These discovery AI solutions help you implement personalized search, browse and recommendations, based on machine learning models, across your websites and mobile applications.","v2","retail.googleapis.com","Cloud/GCP"
"456","Cloud > Google Cloud Platform (GCP) > Cloud Application Ecosystem (AppEco) > Cloud Native Runtimes > Anthos Products > Anthos Management Experience > GKE Hub API","GKE Hub API","cloud.google.com/anthos/gke/docs/","GA","http://www.google.com/images/icons/product/search-32.gif",NULL,"v1","gkehub.googleapis.com","Cloud/GCP"
"468","Cloud > Google Cloud Platform (GCP) > Cloud Application Ecosystem (AppEco) > Developer Experience > Secure Source to Prod (SSTP) > Google Cloud Deploy","Google Cloud Deploy","cloud.google.com/deploy/","GA","http://www.google.com/images/icons/product/search-32.gif",NULL,"v1","clouddeploy.googleapis.com","Cloud/GCP"
"469","Resource Settings API","Resource Settings API","cloud.google.com/resource-manager/docs/resource-settings/overview/","GA","http://www.google.com/images/icons/product/search-32.gif","The Resource Settings API allows users to control and modify the behavior of their GCP resources (e.g., VM, firewall, Project, etc.) across the Cloud Resource Hierarchy.","v1","resourcesettings.googleapis.com","Cloud/GCP"
"480","Cloud > Google Cloud Platform (GCP) > Cloud Security > BeyondCorp Enterprise","BeyondCorp Enterprise","cloud.google.com/beyondcorp-enterprise/","LAUNCH_STAGE_UNSPECIFIED","http://www.google.com/images/icons/product/search-32.gif","Beyondcorp Enterprise provides identity and context aware access controls for enterprise resources and enables zero-trust access. Using the Beyondcorp Enterprise APIs, enterprises can set up multi-cloud and on-prem connectivity solutions.","VERSION_UNSPECIFIED","beyondcorp.googleapis.com","Cloud/GCP"
"482","Cloud > Google Cloud Platform (GCP) > Cloud Application Ecosystem (AppEco) > Essential Contacts API","Essential Contacts API","cloud.google.com/resource-manager/docs/managing-notification-contacts/","PREVIEW","http://www.google.com/images/icons/product/search-32.gif",NULL,"v1","essentialcontacts.googleapis.com","Cloud/GCP"
"483","Cloud > Google Cloud Platform (GCP) > Cloud AI & Industry Solutions > Cloud AI > Dialogflow (Product Group) > Contact Center AI Insights","Contact Center AI Insights","cloud.google.com/contact-center/insights/","GA","http://www.google.com/images/icons/product/search-32.gif",NULL,"v1","contactcenterinsights.googleapis.com","Cloud/GCP"
"494","Cloud > Google Cloud Platform (GCP) > Cloud Databases & Analytics > Cloud Databases > Cloud SQL > Cloud SQL Admin API","Cloud SQL Admin API","cloud.google.com/sql/docs/mysql/admin-api/","GA","http://www.google.com/images/icons/product/search-32.gif","API for Cloud SQL database instance management","VERSION_UNSPECIFIED","sqladmin.googleapis.com","Cloud/GCP"
"501","Cloud > Google Cloud Platform (GCP) > Core Infrastructure > Cloud Networking > Network Security API","Network Security API","cloud.google.com/traffic-director/docs/reference/network-security/rest/","PREVIEW","http://www.google.com/images/icons/product/search-32.gif",NULL,"VERSION_UNSPECIFIED","networksecurity.googleapis.com","Cloud/GCP"
"502","Cloud > Google Cloud Platform (GCP) > Core Infrastructure > Cloud Networking > Network Management API","Network Management API","cloud.google.com/network-intelligence-center/docs/connectivity-tests/reference/networkmanagement/rest/","GA","http://www.google.com/images/icons/product/search-32.gif","The Network Management API provides a collection of network performance monitoring and diagnostic capabilities.","v1","networkmanagement.googleapis.com","Cloud/GCP"
"508","Cloud > Google Cloud Platform (GCP) > Cloud Security > Certificate Manager","Certificate Manager","cloud.google.com/certificate-manager/","PREVIEW","http://www.google.com/images/icons/product/search-32.gif",NULL,"VERSION_UNSPECIFIED","certificatemanager.googleapis.com","Cloud/GCP"
"512","Cloud > Google Cloud Platform (GCP) > Core Infrastructure > Cloud Networking > Cloud IDS","Cloud IDS","cloud.google.com/intrusion-detection-system/","GA","http://www.google.com/images/icons/product/search-32.gif","Cloud IDS (Cloud Intrusion Detection System) detects malware, spyware, command-and-control attacks, and other network-based threats. Its security efficacy is industry leading, built with Palo Alto Networks technologies. When you use this product, your organization name and consumption levels will be shared with Palo Alto Networks.","VERSION_UNSPECIFIED","ids.googleapis.com","Cloud/GCP"
"561","Cloud > Google Cloud Platform (GCP) > Cloud Databases & Analytics > Cloud Data Analytics > BigQuery (Product Group) > Analytics Hub API","Analytics Hub API",NULL,"PREVIEW","http://www.google.com/images/icons/product/search-32.gif","Exchange data and analytics assets securely and efficiently.","v1beta1","analyticshub.googleapis.com","Cloud/GCP"
"582","Cloud > Google Cloud Platform (GCP) > Business Platforms & Cloud Operations > Apigee > Application Integration","Application Integration","cloud.google.com/application-integration/","GA","http://www.google.com/images/icons/product/search-32.gif",NULL,"VERSION_UNSPECIFIED","integrations.googleapis.com","Cloud/GCP"
