first_name,last_name,handle,number_of_likes,type_of_post,number_of_tags,number_of_comments,date_posted
Eva,Johnson,@user1,284,Story,3,21,2022-01-01 23:27:00
Alice,Brown,@user2,379,Photo,2,20,2022-01-02 22:28:00
David,Jones,@user3,852,Photo,2,42,2022-01-03 21:37:00
David,Brown,@user4,236,Story,2,17,2022-01-04 12:51:00
David,Brown,@user5,235,Video,6,37,2022-01-05 07:51:00
Bob,Johnson,@user6,949,Reel,4,25,2022-01-06 04:45:00
David,Johnson,@user7,653,Video,6,21,2022-01-07 10:14:00
Charlie,Johnson,@user8,918,Video,0,36,2022-01-08 19:42:00
Eva,Brown,@user9,238,Video,4,4,2022-01-09 20:27:00
Alice,Williams,@user10,836,Photo,9,47,2022-01-10 07:30:00
Alice,Williams,@user11,907,Story,2,34,2022-01-11 22:20:00
Eva,Jones,@user12,379,Video,1,11,2022-01-12 10:47:00
Charlie,Brown,@user13,138,Video,6,34,2022-01-13 11:31:00
Bob,Johnson,@user14,817,Reel,1,33,2022-01-14 04:04:00
Alice,Williams,@user15,34,Reel,7,46,2022-01-15 09:45:00
Bob,Brown,@user16,708,Video,5,19,2022-01-16 06:41:00
Bob,Johnson,@user17,302,Reel,6,48,2022-01-17 04:03:00
Alice,Jones,@user18,365,Video,1,11,2022-01-18 08:53:00
Bob,Williams,@user19,847,Reel,6,33,2022-01-19 19:27:00
Eva,Williams,@user20,144,Story,6,25,2022-01-20 12:32:00
David,Smith,@user21,13,Photo,6,33,2022-01-21 04:26:00
Alice,Johnson,@user22,236,Story,6,31,2022-01-22 02:11:00
David,Smith,@user23,899,Video,2,45,2022-01-23 16:39:00
Alice,Jones,@user24,690,Video,5,6,2022-01-24 13:17:00
Charlie,Smith,@user25,454,Video,2,25,2022-01-25 20:19:00
David,Brown,@user26,427,Video,2,24,2022-01-26 07:35:00
Alice,Williams,@user27,294,Story,3,45,2022-01-27 07:44:00
Bob,Smith,@user28,846,Photo,2,38,2022-01-28 03:46:00
David,Smith,@user29,36,Video,9,16,2022-01-29 07:25:00
David,Johnson,@user30,746,Story,3,23,2022-01-30 18:44:00
David,Johnson,@user31,258,Reel,8,26,2022-01-31 02:14:00
Alice,Smith,@user32,375,Video,5,3,2022-02-01 00:32:00
Bob,Brown,@user33,957,Reel,4,26,2022-02-02 18:25:00
Bob,Smith,@user34,211,Video,5,46,2022-02-03 06:14:00
Bob,Brown,@user35,447,Video,1,29,2022-02-04 04:53:00
Alice,Smith,@user36,207,Story,5,2,2022-02-05 10:31:00
Charlie,Jones,@user37,939,Photo,8,5,2022-02-06 21:47:00
Eva,Jones,@user38,657,Story,2,7,2022-02-07 17:55:00
David,Smith,@user39,647,Story,9,15,2022-02-08 00:08:00
David,Johnson,@user40,616,Reel,9,14,2022-02-09 22:16:00
Charlie,Brown,@user41,82,Story,5,35,2022-02-10 13:17:00
Eva,Jones,@user42,256,Story,6,39,2022-02-11 11:08:00
Charlie,Brown,@user43,862,Story,4,7,2022-02-12 03:06:00
Alice,Williams,@user44,145,Photo,0,38,2022-02-13 01:51:00
Alice,Johnson,@user45,717,Reel,8,29,2022-02-14 04:07:00
Eva,Johnson,@user46,223,Video,5,49,2022-02-15 16:44:00
Alice,Williams,@user47,485,Video,5,11,2022-02-16 17:11:00
Eva,Johnson,@user48,630,Reel,5,3,2022-02-17 15:08:00
Bob,Jones,@user49,333,Reel,1,13,2022-02-18 21:52:00
Eva,Williams,@user50,112,Story,0,24,2022-02-19 12:27:00
Bob,Jones,@user51,862,Reel,0,4,2022-02-20 01:15:00
Charlie,Jones,@user52,337,Story,0,22,2022-02-21 20:45:00
Charlie,Williams,@user53,605,Story,0,29,2022-02-22 17:44:00
Alice,Brown,@user54,233,Video,0,38,2022-02-23 17:04:00
Bob,Brown,@user55,266,Reel,7,11,2022-02-24 03:32:00
Bob,Johnson,@user56,655,Video,6,14,2022-02-25 18:53:00
Bob,Williams,@user57,357,Reel,3,18,2022-02-26 10:04:00
Bob,Jones,@user58,117,Video,5,25,2022-02-27 20:29:00
David,Brown,@user59,936,Story,4,44,2022-02-28 19:49:00
David,Brown,@user60,979,Story,3,3,2022-03-01 07:11:00
Charlie,Johnson,@user61,989,Video,4,37,2022-03-02 09:33:00
David,Johnson,@user62,529,Story,5,7,2022-03-03 01:43:00
Alice,Johnson,@user63,159,Photo,1,29,2022-03-04 09:40:00
David,Johnson,@user64,486,Video,3,14,2022-03-05 08:14:00
Eva,Williams,@user65,402,Video,6,11,2022-03-06 16:12:00
Bob,Smith,@user66,693,Reel,7,9,2022-03-07 14:47:00
Charlie,Brown,@user67,568,Story,4,11,2022-03-08 19:16:00
Eva,Johnson,@user68,10,Photo,0,16,2022-03-09 10:17:00
David,Jones,@user69,370,Reel,0,39,2022-03-10 09:08:00
Eva,Brown,@user70,701,Video,7,1,2022-03-11 05:36:00
Eva,Johnson,@user71,560,Photo,3,18,2022-03-12 07:46:00
Eva,Johnson,@user72,99,Photo,3,28,2022-03-13 02:45:00
David,Williams,@user73,84,Story,0,0,2022-03-14 12:14:00
Eva,Smith,@user74,509,Video,0,21,2022-03-15 06:13:00
Eva,Smith,@user75,748,Reel,9,24,2022-03-16 21:55:00
Eva,Williams,@user76,645,Photo,4,9,2022-03-17 20:09:00
Alice,Jones,@user77,353,Video,4,8,2022-03-18 04:25:00
Eva,Smith,@user78,106,Story,5,18,2022-03-19 00:50:00
David,Jones,@user79,861,Video,8,11,2022-03-20 12:17:00
Charlie,Brown,@user80,292,Story,8,28,2022-03-21 20:00:00
Alice,Brown,@user81,728,Video,0,17,2022-03-22 08:44:00
Bob,Smith,@user82,42,Reel,1,15,2022-03-23 08:19:00
Bob,Smith,@user83,125,Video,5,3,2022-03-24 18:43:00
David,Brown,@user84,464,Reel,9,42,2022-03-25 05:58:00
Alice,Brown,@user85,875,Story,9,24,2022-03-26 17:40:00
Alice,Smith,@user86,438,Photo,6,21,2022-03-27 21:50:00
Bob,Brown,@user87,837,Photo,1,28,2022-03-28 19:31:00
Charlie,Smith,@user88,835,Reel,4,21,2022-03-29 07:08:00
Eva,Williams,@user89,700,Video,0,14,2022-03-30 00:35:00
Charlie,Johnson,@user90,183,Video,4,47,2022-03-31 13:02:00
Alice,Smith,@user91,755,Video,7,1,2022-04-01 00:29:00
David,Jones,@user92,142,Photo,7,12,2022-04-02 01:00:00
Charlie,Smith,@user93,451,Story,7,11,2022-04-03 16:56:00
Charlie,Brown,@user94,103,Story,6,25,2022-04-04 22:41:00
Alice,Jones,@user95,357,Story,2,39,2022-04-05 13:55:00
Bob,Jones,@user96,411,Photo,6,11,2022-04-06 02:35:00
Alice,Johnson,@user97,429,Story,0,26,2022-04-07 19:15:00
Charlie,Smith,@user98,716,Reel,2,45,2022-04-08 17:37:00
Charlie,Williams,@user99,414,Reel,7,34,2022-04-09 07:15:00
David,Jones,@user100,951,Photo,7,1,2022-04-10 23:55:00
Charlie,Jones,@user101,195,Video,2,16,2022-04-11 20:52:00
David,Williams,@user102,985,Story,6,1,2022-04-12 00:56:00
Charlie,Jones,@user103,385,Story,1,16,2022-04-13 04:37:00
Bob,Brown,@user104,686,Reel,3,33,2022-04-14 11:19:00
Charlie,Williams,@user105,883,Photo,7,33,2022-04-15 22:34:00
David,Brown,@user106,712,Video,0,44,2022-04-16 09:01:00
David,Smith,@user107,526,Story,5,38,2022-04-17 04:01:00
David,Smith,@user108,507,Photo,4,40,2022-04-18 15:25:00
Charlie,Smith,@user109,508,Photo,5,8,2022-04-19 15:57:00
David,Brown,@user110,215,Story,5,13,2022-04-20 01:54:00
Eva,Jones,@user111,424,Video,3,42,2022-04-21 21:36:00
Bob,Jones,@user112,375,Story,8,19,2022-04-22 07:28:00
Charlie,Williams,@user113,865,Photo,0,32,2022-04-23 10:35:00
David,Williams,@user114,748,Reel,1,23,2022-04-24 00:13:00
Bob,Jones,@user115,429,Reel,5,4,2022-04-25 12:49:00
Charlie,Johnson,@user116,595,Photo,4,31,2022-04-26 04:18:00
Bob,Brown,@user117,228,Photo,1,22,2022-04-27 02:27:00
Eva,Brown,@user118,961,Video,5,0,2022-04-28 08:20:00
Charlie,Brown,@user119,548,Photo,0,37,2022-04-29 15:45:00
David,Johnson,@user120,384,Video,6,31,2022-04-30 21:46:00
Alice,Williams,@user121,32,Photo,8,15,2022-05-01 06:11:00
David,Williams,@user122,470,Video,8,19,2022-05-02 19:24:00
Charlie,Brown,@user123,729,Story,6,15,2022-05-03 21:05:00
David,Williams,@user124,364,Reel,3,12,2022-05-04 16:00:00
Alice,Brown,@user125,612,Video,4,45,2022-05-05 04:17:00
Alice,Jones,@user126,61,Reel,4,10,2022-05-06 04:48:00
Alice,Jones,@user127,824,Story,3,41,2022-05-07 21:48:00
David,Williams,@user128,730,Video,6,16,2022-05-08 11:38:00
Charlie,Johnson,@user129,583,Story,5,6,2022-05-09 11:46:00
David,Williams,@user130,454,Video,9,21,2022-05-10 12:12:00
Alice,Smith,@user131,825,Reel,8,30,2022-05-11 18:09:00
Eva,Brown,@user132,114,Story,1,3,2022-05-12 20:29:00
Alice,Smith,@user133,650,Photo,3,16,2022-05-13 05:39:00
Alice,Williams,@user134,404,Story,8,0,2022-05-14 09:19:00
Charlie,Jones,@user135,981,Video,1,1,2022-05-15 09:53:00
David,Brown,@user136,919,Reel,5,32,2022-05-16 07:00:00
Charlie,Williams,@user137,337,Photo,8,43,2022-05-17 20:23:00
David,Johnson,@user138,616,Photo,0,18,2022-05-18 22:13:00
Alice,Williams,@user139,528,Story,3,18,2022-05-19 10:49:00
Alice,Johnson,@user140,695,Story,7,22,2022-05-20 13:06:00
Alice,Jones,@user141,255,Photo,1,15,2022-05-21 19:41:00
David,Johnson,@user142,424,Story,7,15,2022-05-22 11:33:00
Alice,Smith,@user143,537,Reel,8,28,2022-05-23 15:56:00
Charlie,Smith,@user144,179,Photo,0,7,2022-05-24 09:14:00
Charlie,Smith,@user145,176,Photo,7,27,2022-05-25 07:46:00
Alice,Smith,@user146,319,Story,5,24,2022-05-26 10:42:00
Eva,Smith,@user147,949,Story,9,24,2022-05-27 13:17:00
David,Johnson,@user148,604,Video,9,12,2022-05-28 06:41:00
Eva,Smith,@user149,401,Story,6,13,2022-05-29 00:35:00
Alice,Brown,@user150,230,Photo,8,18,2022-05-30 14:48:00
Eva,Johnson,@user151,843,Photo,7,14,2022-05-31 21:39:00
David,Jones,@user152,691,Video,5,14,2022-06-01 05:55:00
David,Johnson,@user153,844,Video,9,20,2022-06-02 14:37:00
Eva,Williams,@user154,124,Photo,1,7,2022-06-03 13:08:00
Bob,Jones,@user155,870,Video,0,44,2022-06-04 19:15:00
David,Smith,@user156,344,Photo,0,43,2022-06-05 01:21:00
Alice,Smith,@user157,751,Story,5,27,2022-06-06 15:40:00
Alice,Williams,@user158,229,Photo,6,44,2022-06-07 00:38:00
Alice,Smith,@user159,256,Video,3,15,2022-06-08 17:46:00
Bob,Jones,@user160,110,Story,6,23,2022-06-09 16:10:00
Alice,Jones,@user161,425,Photo,1,11,2022-06-10 09:09:00
Eva,Jones,@user162,231,Photo,7,13,2022-06-11 06:02:00
Bob,Johnson,@user163,188,Video,7,29,2022-06-12 09:12:00
David,Johnson,@user164,518,Video,0,31,2022-06-13 06:46:00
Bob,Jones,@user165,184,Reel,7,46,2022-06-14 11:17:00
Alice,Johnson,@user166,615,Photo,6,18,2022-06-15 13:23:00
Alice,Johnson,@user167,636,Story,0,4,2022-06-16 09:02:00
Eva,Brown,@user168,683,Video,4,28,2022-06-17 16:24:00
David,Johnson,@user169,790,Story,2,1,2022-06-18 03:59:00
David,Brown,@user170,746,Reel,7,49,2022-06-19 06:34:00
Bob,Brown,@user171,755,Video,5,49,2022-06-20 19:31:00
Alice,Johnson,@user172,858,Story,2,23,2022-06-21 14:05:00
Alice,Johnson,@user173,76,Photo,8,16,2022-06-22 01:00:00
Bob,Johnson,@user174,466,Story,5,41,2022-06-23 00:24:00
Charlie,Smith,@user175,135,Photo,6,26,2022-06-24 02:40:00
Alice,Brown,@user176,148,Story,6,48,2022-06-25 23:08:00
David,Smith,@user177,634,Photo,4,2,2022-06-26 21:59:00
Bob,Jones,@user178,740,Photo,1,47,2022-06-27 14:44:00
Bob,Johnson,@user179,165,Story,5,17,2022-06-28 18:48:00
Eva,Jones,@user180,706,Video,4,20,2022-06-29 23:26:00
Alice,Smith,@user181,130,Photo,5,38,2022-06-30 06:07:00
Alice,Brown,@user182,331,Reel,5,0,2022-07-01 01:56:00
David,Williams,@user183,458,Story,6,6,2022-07-02 00:16:00
Charlie,Johnson,@user184,719,Reel,3,44,2022-07-03 15:48:00
David,Jones,@user185,866,Photo,8,22,2022-07-04 03:38:00
Charlie,Jones,@user186,300,Photo,1,15,2022-07-05 03:28:00
Eva,Jones,@user187,985,Story,4,10,2022-07-06 13:34:00
David,Smith,@user188,13,Reel,2,34,2022-07-07 20:48:00
David,Smith,@user189,710,Photo,9,40,2022-07-08 10:06:00
Alice,Williams,@user190,248,Reel,7,38,2022-07-09 02:52:00
David,Smith,@user191,687,Video,4,21,2022-07-10 09:55:00
Alice,Brown,@user192,181,Story,1,34,2022-07-11 19:03:00
Eva,Brown,@user193,733,Photo,8,32,2022-07-12 22:58:00
Charlie,Jones,@user194,866,Story,2,42,2022-07-13 23:55:00
David,Johnson,@user195,592,Reel,3,44,2022-07-14 05:01:00
Eva,Jones,@user196,670,Story,3,35,2022-07-15 16:34:00
Alice,Brown,@user197,912,Reel,4,41,2022-07-16 22:41:00
Charlie,Brown,@user198,806,Reel,1,39,2022-07-17 23:55:00
David,Brown,@user199,637,Video,6,27,2022-07-18 07:12:00
David,Jones,@user200,912,Story,2,48,2022-07-19 14:22:00
